id;nombre;direccion;telefono;correo_electronico;url_img;user_id
1;oblong railway meanwhile;out consequently;shark;carefully hydrolyse;cruelty yum;21739
2;blank unless questioningly;evenly beyond carelessly;mash;like;yahoo pfft unless;7161
3;slide failing gee;hastily hm;smarten upward ethical;yieldingly;ingratiate;11560
4;hence who;thoroughly;by depend ha;yum mainstream um;though times;12539
5;sweetly tennis without;mmm incidentally relative;unto distant;a by;yesterday redact distant;27237
6;snow gnaw;maroon squeaky mmm;psst ick realistic;drat stock;duster tomorrow;28273
7;react dream raw;ugh;granny;oh;why yowza;12346
8;lest unbalance gah;minus;deeply;noisily;ashamed;15585
9;now;vacantly wear gratefully;gosh reluctantly;commonly;why;31850
10;pfft dispose infamous;near;incidentally;mechanic after gah;huzzah a an;11067
