id;nombre;apellido;url_img;user_id
1;step-mother minus;low;devil;11933
2;homely rim hm;lively oxidize outrageous;notwithstanding meh readies;28195
3;obnoxiously ad;and;productive denitrify;22530
4;bolster phooey;hence;gruesome in meanwhile;26529
5;ethyl;between train;ah;8416
6;wilt spherical;typewriter;inquisitively primary;21683
7;likewise actually overcharge;dead although shy;onto better;12450
8;sneak anaesthetise;far safe;apt hence;26308
9;mid;opposite;elegantly lazy abaft;3423
10;median quip towards;antelope hypothesise;unimpressively oh;16116
